Patient,Fold,Epoch,Loss,Train Accuracy,Test Accuracy
01,0,0,436.22412109375,0.837403951701427,0.8852908891328211
01,0,1,212.9321746826172,0.8586717892425906,0.9094401756311745
01,0,2,66.18854522705078,0.8780186608122942,0.9171240395170143
01,0,3,154.76695251464844,0.8734906695938529,0.8046103183315039
01,0,4,7.371330261230469,0.8878979143798024,0.9116355653128431
