Pretrained Patient,Evaluation Patient,Fold,Epoch,Loss,Train Accuracy,Test Accuracy
01,01,0,-1,-1,-1,47.07312680115274
01,01,0,0,2.220782995223999,72.65174711815561,77.56664265129683
01,01,0,1,2.447606325149536,76.37563040345822,79.77305475504323
01,01,0,2,4.952512741088867,77.12761167146974,81.15994236311239
01,01,0,3,7.885492324829102,78.02143371757924,78.87247838616715
01,01,0,4,4.135505676269531,78.89274135446685,72.31628242074927
01,01,0,5,2.488532781600952,79.12914265129683,81.85338616714697
01,01,0,6,1.08338463306427,78.8859870317003,79.0435878962536
